Recommendation details for the first 50 users and their top 20 recommendations using 30 features and their full rating profile				
userId	movieId	popularity	avgRating	title
42273	[173345]	[19]	[ 3.44737]	['Cat City (1986)']
42273	[92259]	[13383]	[ 4.12781]	['Intouchables (2011)']
42273	[88810]	[5754]	[ 3.91076]	['Help, The (2011)']
42273	[2691]	[873]	[ 3.73826]	"[ ""Legend of 1900, The (a.k.a. The Legend of the Pianist on the Ocean) (Leggenda del pianista sull'oceano) (1998)""]"
42273	[65225]	[362]	[ 3.49033]	['Zeitgeist: Addendum (2008)']
42273	[92954]	[100]	[ 3.93]	['Prayers for Bobby (2009)']
42273	[33166]	[12222]	[ 3.78494]	['Crash (2004)']
42273	[116797]	[15656]	[ 4.01766]	['The Imitation Game (2014)']
42273	[84273]	[311]	[ 3.54341]	['Zeitgeist: Moving Forward (2011)']
42273	[166643]	[2566]	[ 4.01403]	['Hidden Figures (2016)']
42273	[2324]	[26858]	[ 4.1641]	['Life Is Beautiful (La Vita \xc3\xa8 bella) (1997)']
42273	[45503]	[346]	[ 3.75867]	['Peaceful Warrior (2006)']
42273	[104119]	[6]	[ 4.5]	['Forsyte Saga, The (1967)']
42273	[176601]	[162]	[ 4.24691]	['Black Mirror']
42273	[3226]	[6]	[ 4.16667]	['Hellhounds on My Trail (1999)']
42273	[8111]	[3]	[ 5.]	['Into the Woods']
42273	[88570]	[13]	[ 4.30769]	['Welfare (1975)']
42273	[95517]	[5]	[ 4.9]	['Barchester Chronicles, The (1982)']
42273	[1246]	[27330]	[ 3.91769]	['Dead Poets Society (1989)']
42273	[91007]	[5]	[ 4.5]	['I Want to Be a Soldier (2011)']
42577	[173345]	[19]	[ 3.44737]	['Cat City (1986)']
42577	[3147]	[32927]	[ 4.02457]	['Green Mile, The (1999)']
42577	[166568]	[283]	[ 3.72968]	['Miss Sloane (2016)']
42577	[173673]	[16]	[ 3.96875]	['The Foundling (1939)']
42577	[148106]	[7]	[ 3.85714]	['Falling Overnight (2011)']
42577	[6187]	[2707]	[ 3.68618]	['Life of David Gale, The (2003)']
42577	[64716]	[4144]	[ 3.72309]	['Seven Pounds (2008)']
42577	[8111]	[3]	[ 5.]	['Into the Woods']
42577	[4995]	[33729]	[ 3.96242]	['Beautiful Mind, A (2001)']
42577	[138962]	[9]	[ 3.72222]	['Electra (1962)']
42577	[102323]	[6]	[ 4.41667]	"[""Grin Without a Cat, A (Fond de l'air est rouge, Le) (1977)""]"
42577	[95517]	[5]	[ 4.9]	['Barchester Chronicles, The (1982)']
42577	[166643]	[2566]	[ 4.01403]	['Hidden Figures (2016)']
42577	[104119]	[6]	[ 4.5]	['Forsyte Saga, The (1967)']
42577	[2762]	[52064]	[ 4.0164]	['Sixth Sense, The (1999)']
42577	[3226]	[6]	[ 4.16667]	['Hellhounds on My Trail (1999)']
42577	[145839]	[467]	[ 3.55675]	['Concussion (2015)']
42577	[88570]	[13]	[ 4.30769]	['Welfare (1975)']
42577	[116797]	[15656]	[ 4.01766]	['The Imitation Game (2014)']
42577	[91007]	[5]	[ 4.5]	['I Want to Be a Soldier (2011)']
42779	[134849]	[222]	[ 3.98198]	['Duck Amuck (1953)']
42779	[105250]	[207]	[ 4.07729]	['Century of the Self, The (2002)']
42779	[63876]	[4137]	[ 3.75755]	['Milk (2008)']
42779	[5669]	[14821]	[ 3.71858]	['Bowling for Columbine (2002)']
42779	[53894]	[2807]	[ 3.64001]	['Sicko (2007)']
42779	[5224]	[149]	[ 3.84228]	['Promises (2001)']
42779	[100553]	[397]	[ 4.10076]	['Frozen Planet (2011)']
42779	[114635]	[142]	[ 4.02113]	['Look of Silence, The (2014)']
42779	[50658]	[479]	[ 3.97912]	['49 Up (2005)']
42779	[8622]	[10395]	[ 3.50202]	['Fahrenheit 9/11 (2004)']
42779	[39183]	[8369]	[ 3.60605]	['Brokeback Mountain (2005)']
42779	[142608]	[17]	[ 4.26471]	['A Song of Lisbon (1933)']
42779	[7566]	[858]	[ 4.00699]	['28 Up (1985)']
42779	[26712]	[430]	[ 3.98953]	['35 Up (1991)']
42779	[69849]	[517]	[ 3.85397]	['Roots (1977)']
42779	[120815]	[55]	[ 3.66364]	['Patton Oswalt: Werewolves and Lollipops (2007)']
42779	[2908]	[9548]	[ 3.7831]	"[""Boys Don't Cry (1999)""]"
42779	[86237]	[49]	[ 3.68367]	['Connections (1978)']
42779	[45950]	[3500]	[ 3.62486]	['Inconvenient Truth, An (2006)']
42779	[52767]	[505]	[ 3.94851]	['21 Up (1977)']
43130	[5952]	[56326]	[ 4.07519]	['Lord of the Rings: The Two Towers, The (2002)']
43130	[4993]	[61476]	[ 4.09843]	['Lord of the Rings: The Fellowship of the Ring, The (2001)']
43130	[171011]	[812]	[ 4.47968]	['Planet Earth II (2016)']
43130	[173345]	[19]	[ 3.44737]	['Cat City (1986)']
43130	[142871]	[15]	[ 4.4]	['O P\xc3\xa1tio das Cantigas (1942)']
43130	[159817]	[1326]	[ 4.44834]	['Planet Earth (2006)']
43130	[101271]	[8]	[ 4.1875]	['Community']
43130	[183437]	[31]	[ 3.91935]	"[ ""World of Tomorrow Episode Two: The Burden of Other People's Thoughts (2017)""]"
43130	[142608]	[17]	[ 4.26471]	['A Song of Lisbon (1933)']
43130	[2571]	[84014]	[ 4.14977]	['Matrix, The (1999)']
43130	[6896]	[286]	[ 4.03497]	['Shoah (1985)']
43130	[7153]	[56939]	[ 4.10403]	['Lord of the Rings: The Return of the King, The (2003)']
43130	[102323]	[6]	[ 4.41667]	"[""Grin Without a Cat, A (Fond de l'air est rouge, Le) (1977)""]"
43130	[106115]	[3]	[ 4.83333]	['Story of Science, The (2010)']
43130	[77366]	[35]	[ 4.24286]	['Deadwood (TV) (2004)']
43130	[104119]	[6]	[ 4.5]	['Forsyte Saga, The (1967)']
43130	[66616]	[45]	[ 4.44444]	"[""Monty Python's Flying Circus (1969)""]"
43130	[3226]	[6]	[ 4.16667]	['Hellhounds on My Trail (1999)']
43130	[88570]	[13]	[ 4.30769]	['Welfare (1975)']
43130	[95517]	[5]	[ 4.9]	['Barchester Chronicles, The (1982)']
43256	[3739]	[468]	[ 3.9594]	['Trouble in Paradise (1932)']
43256	[6981]	[235]	[ 3.98511]	['Ordet (Word, The) (1955)']
43256	[3462]	[5258]	[ 4.09623]	['Modern Times (1936)']
43256	[2920]	[1156]	[ 4.12197]	['Children of Paradise (Les enfants du paradis) (1945)']
43256	[6985]	[1027]	[ 3.99513]	"[""Passion of Joan of Arc, The (Passion de Jeanne d'Arc, La) (1928)""]"
43256	[3307]	[3353]	[ 4.11452]	['City Lights (1931)']
43256	[5147]	[2217]	[ 4.08299]	['Wild Strawberries (Smultronst\xc3\xa4llet) (1957)']
43256	[6669]	[1542]	[ 4.10862]	['Ikiru (1952)']
43256	[307]	[7940]	[ 3.97217]	['Three Colors: Blue (Trois couleurs: Bleu) (1993)']
43256	[2351]	[1387]	[ 4.10707]	['Nights of Cabiria (Notti di Cabiria, Le) (1957)']
43256	[1232]	[2709]	[ 4.06755]	['Stalker (1979)']
43256	[3089]	[4127]	[ 4.11376]	[ 'Bicycle Thieves (a.k.a. The Bicycle Thief) (a.k.a. The Bicycle Thieves) (Ladri di biciclette) (1948)']
43256	[6643]	[972]	[ 4.04733]	['Tokyo Story (T\xc3\xb4ky\xc3\xb4 monogatari) (1953)']
43256	[918]	[2068]	[ 3.73066]	['Meet Me in St. Louis (1944)']
43256	[3224]	[796]	[ 4.03643]	['Woman in the Dunes (Suna no onna) (1964)']
43256	[26587]	[546]	[ 4.11264]	['Decalogue, The (Dekalog) (1989)']
43256	[668]	[900]	[ 4.10444]	['Song of the Little Road (Pather Panchali) (1955)']
43256	[8125]	[637]	[ 3.96703]	['Sunrise: A Song of Two Humans (1927)']
43256	[670]	[829]	[ 4.11701]	['World of Apu, The (Apur Sansar) (1959)']
43256	[82143]	[343]	[ 3.93149]	['Alone in the Wilderness (2004)']
43450	[26082]	[676]	[ 4.13683]	['Harakiri (Seppuku) (1962)']
43450	[923]	[21469]	[ 4.08862]	['Citizen Kane (1941)']
43450	[1221]	[38676]	[ 4.26277]	['Godfather: Part II, The (1974)']
43450	[26150]	[942]	[ 4.05096]	['Andrei Rublev (Andrey Rublyov) (1969)']
43450	[668]	[900]	[ 4.10444]	['Song of the Little Road (Pather Panchali) (1955)']
43450	[3134]	[1822]	[ 4.13172]	['Grand Illusion (La grande illusion) (1937)']
43450	[6818]	[694]	[ 4.05331]	['Come and See (Idi i smotri) (1985)']
43450	[26587]	[546]	[ 4.11264]	['Decalogue, The (Dekalog) (1989)']
43450	[2351]	[1387]	[ 4.10707]	['Nights of Cabiria (Notti di Cabiria, Le) (1957)']
43450	[7064]	[1144]	[ 3.90778]	['Beauty and the Beast (La belle et la b\xc3\xaate) (1946)']
43450	[2019]	[14541]	[ 4.25476]	['Seven Samurai (Shichinin no samurai) (1954)']
43450	[1204]	[15391]	[ 4.11322]	['Lawrence of Arabia (1962)']
43450	[3093]	[1561]	[ 3.82095]	['McCabe & Mrs. Miller (1971)']
43450	[6985]	[1027]	[ 3.99513]	"[""Passion of Joan of Arc, The (Passion de Jeanne d'Arc, La) (1928)""]"
43450	[1208]	[28871]	[ 4.10737]	['Apocalypse Now (1979)']
43450	[111]	[32759]	[ 4.08677]	['Taxi Driver (1976)']
43450	[858]	[60588]	[ 4.33303]	['Godfather, The (1972)']
43450	[2427]	[10156]	[ 3.42842]	['Thin Red Line, The (1998)']
43450	[924]	[31291]	[ 3.97386]	['2001: A Space Odyssey (1968)']
43450	[670]	[829]	[ 4.11701]	['World of Apu, The (Apur Sansar) (1959)']
43606	[173345]	[19]	[ 3.44737]	['Cat City (1986)']
43606	[105250]	[207]	[ 4.07729]	['Century of the Self, The (2002)']
43606	[171011]	[812]	[ 4.47968]	['Planet Earth II (2016)']
43606	[136086]	[5]	[ 4.4]	['A Difficult Life (1961)']
43606	[1221]	[38676]	[ 4.26277]	['Godfather: Part II, The (1974)']
43606	[171495]	[137]	[ 4.35401]	['Cosmos']
43606	[159467]	[3]	[ 3.66667]	['Fifi Howls from Happiness (2013)']
43606	[183437]	[31]	[ 3.91935]	"[ ""World of Tomorrow Episode Two: The Burden of Other People's Thoughts (2017)""]"
43606	[172591]	[372]	[ 4.34946]	['The Godfather Trilogy: 1972-1990 (1992)']
43606	[142608]	[17]	[ 4.26471]	['A Song of Lisbon (1933)']
43606	[86237]	[49]	[ 3.68367]	['Connections (1978)']
43606	[102323]	[6]	[ 4.41667]	"[""Grin Without a Cat, A (Fond de l'air est rouge, Le) (1977)""]"
43606	[95517]	[5]	[ 4.9]	['Barchester Chronicles, The (1982)']
43606	[77366]	[35]	[ 4.24286]	['Deadwood (TV) (2004)']
43606	[104119]	[6]	[ 4.5]	['Forsyte Saga, The (1967)']
43606	[3226]	[6]	[ 4.16667]	['Hellhounds on My Trail (1999)']
43606	[8111]	[3]	[ 5.]	['Into the Woods']
43606	[88570]	[13]	[ 4.30769]	['Welfare (1975)']
43606	[858]	[60588]	[ 4.33303]	['Godfather, The (1972)']
43606	[179135]	[228]	[ 4.22149]	['Blue Planet II (2017)']
43831	[160289]	[426]	[ 4.07746]	['O.J.: Made in America (2016)']
43831	[105250]	[207]	[ 4.07729]	['Century of the Self, The (2002)']
43831	[1219]	[24129]	[ 4.06225]	['Psycho (1960)']
43831	[1221]	[38676]	[ 4.26277]	['Godfather: Part II, The (1974)']
43831	[904]	[22195]	[ 4.23075]	['Rear Window (1954)']
43831	[86377]	[1861]	[ 3.98442]	['Louis C.K.: Shameless (2007)']
43831	[908]	[19576]	[ 4.20116]	['North by Northwest (1959)']
43831	[1387]	[26413]	[ 3.78516]	['Jaws (1975)']
43831	[1036]	[40116]	[ 3.93]	['Die Hard (1988)']
43831	[589]	[64084]	[ 3.94116]	['Terminator 2: Judgment Day (1991)']
43831	[910]	[13726]	[ 4.03133]	['Some Like It Hot (1959)']
43831	[1213]	[35764]	[ 4.17782]	['Goodfellas (1990)']
43831	[912]	[31018]	[ 4.20991]	['Casablanca (1942)']
43831	[593]	[87595]	[ 4.15125]	['Silence of the Lambs, The (1991)']
43831	[923]	[21469]	[ 4.08862]	['Citizen Kane (1941)']
43831	[1240]	[42117]	[ 3.89203]	['Terminator, The (1984)']
43831	[858]	[60588]	[ 4.33303]	['Godfather, The (1972)']
43831	[3435]	[5805]	[ 4.20052]	['Double Indemnity (1944)']
43831	[922]	[8233]	[ 4.19549]	['Sunset Blvd. (a.k.a. Sunset Boulevard) (1950)']
43831	[104069]	[914]	[ 3.97702]	['Louis C.K.: Oh My God (2013)']
43853	[173345]	[19]	[ 3.44737]	['Cat City (1986)']
43853	[142115]	[403]	[ 4.20471]	['The Blue Planet (2001)']
43853	[86055]	[10]	[ 4.1]	['Foster Brothers, The (S\xc3\xbct kardesler) (1976)']
43853	[162376]	[2998]	[ 4.34223]	['Stranger Things']
43853	[159817]	[1326]	[ 4.44834]	['Planet Earth (2006)']
43853	[171495]	[137]	[ 4.35401]	['Cosmos']
43853	[88570]	[13]	[ 4.30769]	['Welfare (1975)']
43853	[183437]	[31]	[ 3.91935]	"[ ""World of Tomorrow Episode Two: The Burden of Other People's Thoughts (2017)""]"
43853	[8111]	[3]	[ 5.]	['Into the Woods']
43853	[170705]	[922]	[ 4.39371]	['Band of Brothers (2001)']
43853	[102323]	[6]	[ 4.41667]	"[""Grin Without a Cat, A (Fond de l'air est rouge, Le) (1977)""]"
43853	[95837]	[7]	[ 4.21429]	"[""Child's Christmas in Wales, A (1987)""]"
43853	[104119]	[6]	[ 4.5]	['Forsyte Saga, The (1967)']
43853	[66616]	[45]	[ 4.44444]	"[""Monty Python's Flying Circus (1969)""]"
43853	[3226]	[6]	[ 4.16667]	['Hellhounds on My Trail (1999)']
43853	[158611]	[6]	[ 4.41667]	['The Weight of Chains (2010)']
43853	[95517]	[5]	[ 4.9]	['Barchester Chronicles, The (1982)']
43853	[318]	[97404]	[ 4.42478]	['Shawshank Redemption, The (1994)']
43853	[91007]	[5]	[ 4.5]	['I Want to Be a Soldier (2011)']
43966	[5952]	[56326]	[ 4.07519]	['Lord of the Rings: The Two Towers, The (2002)']
43966	[4993]	[61476]	[ 4.09843]	['Lord of the Rings: The Fellowship of the Ring, The (2001)']
43966	[1287]	[10591]	[ 3.79719]	['Ben-Hur (1959)']
43966	[74282]	[340]	[ 3.91176]	['Anne of Green Gables: The Sequel (a.k.a. Anne of Avonlea) (1987)']
43966	[260]	[81442]	[ 4.12178]	['Star Wars: Episode IV - A New Hope (1977)']
43966	[122886]	[12563]	[ 3.801]	['Star Wars: Episode VII - The Force Awakens (2015)']
43966	[54001]	[14154]	[ 3.77406]	['Harry Potter and the Order of the Phoenix (2007)']
43966	[81834]	[13851]	[ 3.88001]	['Harry Potter and the Deathly Hallows: Part 1 (2010)']
43966	[1035]	[17115]	[ 3.80161]	['Sound of Music, The (1965)']
43966	[1196]	[65498]	[ 4.13449]	['Star Wars: Episode V - The Empire Strikes Back (1980)']
43966	[1198]	[63203]	[ 4.12135]	[ 'Raiders of the Lost Ark (Indiana Jones and the Raiders of the Lost Ark) (1981)']
43966	[40815]	[19216]	[ 3.76738]	['Harry Potter and the Goblet of Fire (2005)']
43966	[93040]	[426]	[ 4.07629]	['Civil War, The (1990)']
43966	[7153]	[56939]	[ 4.10403]	['Lord of the Rings: The Return of the King, The (2003)']
43966	[27002]	[452]	[ 4.00442]	['From the Earth to the Moon (1998)']
43966	[69844]	[13914]	[ 3.84724]	['Harry Potter and the Half-Blood Prince (2009)']
43966	[147384]	[404]	[ 3.93688]	['Doctor Who: The Runaway Bride (2007)']
43966	[1210]	[65773]	[ 3.98668]	['Star Wars: Episode VI - Return of the Jedi (1983)']
43966	[88125]	[13086]	[ 3.91032]	['Harry Potter and the Deathly Hallows: Part 2 (2011)']
43966	[8368]	[23261]	[ 3.80181]	['Harry Potter and the Prisoner of Azkaban (2004)']
44038	[1]	[68321]	[ 3.88678]	['Toy Story (1995)']
44038	[78499]	[14701]	[ 3.87076]	['Toy Story 3 (2010)']
44038	[48708]	[27]	[ 4.22222]	['Firefly (2002)']
44038	[66934]	[4739]	[ 3.96128]	"[""Dr. Horrible's Sing-Along Blog (2008)""]"
44038	[8961]	[31639]	[ 3.85583]	['Incredibles, The (2004)']
44038	[2571]	[84014]	[ 4.14977]	['Matrix, The (1999)']
44038	[27002]	[452]	[ 4.00442]	['From the Earth to the Moon (1998)']
44038	[173345]	[19]	[ 3.44737]	['Cat City (1986)']
44038	[95517]	[5]	[ 4.9]	['Barchester Chronicles, The (1982)']
44038	[137904]	[85]	[ 3.95294]	['I, Claudius (1976)']
44038	[170705]	[922]	[ 4.39371]	['Band of Brothers (2001)']
44038	[171495]	[137]	[ 4.35401]	['Cosmos']
44038	[171749]	[104]	[ 4.03365]	['Death Note: Desu n\xc3\xb4to (2006\xe2\x80\x932007)']
44038	[77366]	[35]	[ 4.24286]	['Deadwood (TV) (2004)']
44038	[66616]	[45]	[ 4.44444]	"[""Monty Python's Flying Circus (1969)""]"
44038	[3226]	[6]	[ 4.16667]	['Hellhounds on My Trail (1999)']
44038	[92475]	[156]	[ 4.00962]	['All Watched Over by Machines of Loving Grace (2011)']
44038	[136892]	[3]	[ 4.66667]	['Dreams with Sharp Teeth (2008)']
44038	[86237]	[49]	[ 3.68367]	['Connections (1978)']
44038	[134853]	[13457]	[ 3.96173]	['Inside Out (2015)']
44363	[173345]	[19]	[ 3.44737]	['Cat City (1986)']
44363	[105250]	[207]	[ 4.07729]	['Century of the Self, The (2002)']
44363	[171011]	[812]	[ 4.47968]	['Planet Earth II (2016)']
44363	[48708]	[27]	[ 4.22222]	['Firefly (2002)']
44363	[2571]	[84014]	[ 4.14977]	['Matrix, The (1999)']
44363	[106115]	[3]	[ 4.83333]	['Story of Science, The (2010)']
44363	[183437]	[31]	[ 3.91935]	"[ ""World of Tomorrow Episode Two: The Burden of Other People's Thoughts (2017)""]"
44363	[88570]	[13]	[ 4.30769]	['Welfare (1975)']
44363	[139096]	[5]	[ 4.5]	['Unmatched (2010)']
44363	[170705]	[922]	[ 4.39371]	['Band of Brothers (2001)']
44363	[158611]	[6]	[ 4.41667]	['The Weight of Chains (2010)']
44363	[101271]	[8]	[ 4.1875]	['Community']
44363	[102323]	[6]	[ 4.41667]	"[""Grin Without a Cat, A (Fond de l'air est rouge, Le) (1977)""]"
44363	[77366]	[35]	[ 4.24286]	['Deadwood (TV) (2004)']
44363	[104119]	[6]	[ 4.5]	['Forsyte Saga, The (1967)']
44363	[66616]	[45]	[ 4.44444]	"[""Monty Python's Flying Circus (1969)""]"
44363	[3226]	[6]	[ 4.16667]	['Hellhounds on My Trail (1999)']
44363	[8111]	[3]	[ 5.]	['Into the Woods']
44363	[136892]	[3]	[ 4.66667]	['Dreams with Sharp Teeth (2008)']
44363	[95517]	[5]	[ 4.9]	['Barchester Chronicles, The (1982)']
44447	[105250]	[207]	[ 4.07729]	['Century of the Self, The (2002)']
44447	[923]	[21469]	[ 4.08862]	['Citizen Kane (1941)']
44447	[32657]	[308]	[ 3.98701]	"[""Man Who Planted Trees, The (Homme qui plantait des arbres, L') (1987)""]"
44447	[3134]	[1822]	[ 4.13172]	['Grand Illusion (La grande illusion) (1937)']
44447	[6985]	[1027]	[ 3.99513]	"[""Passion of Joan of Arc, The (Passion de Jeanne d'Arc, La) (1928)""]"
44447	[3307]	[3353]	[ 4.11452]	['City Lights (1931)']
44447	[6669]	[1542]	[ 4.10862]	['Ikiru (1952)']
44447	[1230]	[19318]	[ 4.03691]	['Annie Hall (1977)']
44447	[86237]	[49]	[ 3.68367]	['Connections (1978)']
44447	[93040]	[426]	[ 4.07629]	['Civil War, The (1990)']
44447	[32892]	[518]	[ 3.96042]	"[""Ivan's Childhood (a.k.a. My Name is Ivan) (Ivanovo detstvo) (1962)""]"
44447	[6643]	[972]	[ 4.04733]	['Tokyo Story (T\xc3\xb4ky\xc3\xb4 monogatari) (1953)']
44447	[750]	[29404]	[ 4.20875]	[ 'Dr. Strangelove or: How I Learned to Stop Worrying and Love the Bomb (1964)']
44447	[26453]	[115]	[ 4.05217]	"[""Smiley's People (1982)""]"
44447	[58425]	[301]	[ 4.04153]	['Heima (2007)']
44447	[26587]	[546]	[ 4.11264]	['Decalogue, The (Dekalog) (1989)']
44447	[668]	[900]	[ 4.10444]	['Song of the Little Road (Pather Panchali) (1955)']
44447	[8125]	[637]	[ 3.96703]	['Sunrise: A Song of Two Humans (1927)']
44447	[670]	[829]	[ 4.11701]	['World of Apu, The (Apur Sansar) (1959)']
44447	[82143]	[343]	[ 3.93149]	['Alone in the Wilderness (2004)']
44454	[173345]	[19]	[ 3.44737]	['Cat City (1986)']
44454	[26082]	[676]	[ 4.13683]	['Harakiri (Seppuku) (1962)']
44454	[171011]	[812]	[ 4.47968]	['Planet Earth II (2016)']
44454	[1221]	[38676]	[ 4.26277]	['Godfather: Part II, The (1974)']
44454	[171495]	[137]	[ 4.35401]	['Cosmos']
44454	[2920]	[1156]	[ 4.12197]	['Children of Paradise (Les enfants du paradis) (1945)']
44454	[159817]	[1326]	[ 4.44834]	['Planet Earth (2006)']
44454	[1900]	[894]	[ 3.99161]	['Children of Heaven, The (Bacheha-Ye Aseman) (1997)']
44454	[6669]	[1542]	[ 4.10862]	['Ikiru (1952)']
44454	[7502]	[8507]	[ 4.2033]	['Band of Brothers (2001)']
44454	[2351]	[1387]	[ 4.10707]	['Nights of Cabiria (Notti di Cabiria, Le) (1957)']
44454	[93040]	[426]	[ 4.07629]	['Civil War, The (1990)']
44454	[170705]	[922]	[ 4.39371]	['Band of Brothers (2001)']
44454	[2019]	[14541]	[ 4.25476]	['Seven Samurai (Shichinin no samurai) (1954)']
44454	[6981]	[235]	[ 3.98511]	['Ordet (Word, The) (1955)']
44454	[1945]	[6582]	[ 4.12747]	['On the Waterfront (1954)']
44454	[858]	[60588]	[ 4.33303]	['Godfather, The (1972)']
44454	[172591]	[372]	[ 4.34946]	['The Godfather Trilogy: 1972-1990 (1992)']
44454	[3226]	[6]	[ 4.16667]	['Hellhounds on My Trail (1999)']
44454	[82143]	[343]	[ 3.93149]	['Alone in the Wilderness (2004)']
44807	[27857]	[247]	[ 3.85628]	['As it is in Heaven (S\xc3\xa5 som i himmelen) (2004)']
44807	[1537]	[4648]	[ 3.87274]	['Shall We Dance? (Shall We Dansu?) (1996)']
44807	[111130]	[89]	[ 4.05618]	['Powers of Ten (1977)']
44807	[93988]	[388]	[ 4.0116]	['North & South (2004)']
44807	[32657]	[308]	[ 3.98701]	"[""Man Who Planted Trees, The (Homme qui plantait des arbres, L') (1987)""]"
44807	[101962]	[635]	[ 3.97795]	['Wolf Children (Okami kodomo no ame to yuki) (2012)']
44807	[107883]	[345]	[ 3.85507]	['The Lunchbox (2013)']
44807	[138702]	[599]	[ 3.93155]	['Feast (2014)']
44807	[56367]	[18973]	[ 3.75157]	['Juno (2007)']
44807	[93040]	[426]	[ 4.07629]	['Civil War, The (1990)']
44807	[87960]	[60]	[ 3.75]	['Between the Folds (2008)']
44807	[166643]	[2566]	[ 4.01403]	['Hidden Figures (2016)']
44807	[2804]	[14785]	[ 3.98894]	['Christmas Story, A (1983)']
44807	[160718]	[1234]	[ 4.14344]	['Piper (2016)']
44807	[77177]	[104]	[ 3.80288]	['Wild China (2008)']
44807	[133712]	[203]	[ 3.98522]	['Office Romance (1977)']
44807	[130628]	[94]	[ 3.93617]	['Boys (2014)']
44807	[27002]	[452]	[ 4.00442]	['From the Earth to the Moon (1998)']
44807	[137904]	[85]	[ 3.95294]	['I, Claudius (1976)']
44807	[86237]	[49]	[ 3.68367]	['Connections (1978)']
45101	[173345]	[19]	[ 3.44737]	['Cat City (1986)']
45101	[106115]	[3]	[ 4.83333]	['Story of Science, The (2010)']
45101	[48708]	[27]	[ 4.22222]	['Firefly (2002)']
45101	[126086]	[20]	[ 3.725]	['Norm MacDonald: Me Doing Standup (2011)']
45101	[89745]	[17507]	[ 3.80031]	['Avengers, The (2012)']
45101	[4306]	[46570]	[ 3.7732]	['Shrek (2001)']
45101	[104119]	[6]	[ 4.5]	['Forsyte Saga, The (1967)']
45101	[106642]	[1291]	[ 3.95778]	['Day of the Doctor, The (2013)']
45101	[183437]	[31]	[ 3.91935]	"[ ""World of Tomorrow Episode Two: The Burden of Other People's Thoughts (2017)""]"
45101	[147376]	[269]	[ 3.82156]	['Doctor Who: A Christmas Carol (2010)']
45101	[66616]	[45]	[ 4.44444]	"[""Monty Python's Flying Circus (1969)""]"
45101	[140737]	[268]	[ 4.06343]	['The Lost Room (2006)']
45101	[112852]	[15310]	[ 3.93308]	['Guardians of the Galaxy (2014)']
45101	[66934]	[4739]	[ 3.96128]	"[""Dr. Horrible's Sing-Along Blog (2008)""]"
45101	[101271]	[8]	[ 4.1875]	['Community']
45101	[122904]	[12809]	[ 3.8574]	['Deadpool (2016)']
45101	[3226]	[6]	[ 4.16667]	['Hellhounds on My Trail (1999)']
45101	[136892]	[3]	[ 4.66667]	['Dreams with Sharp Teeth (2008)']
45101	[95517]	[5]	[ 4.9]	['Barchester Chronicles, The (1982)']
45101	[58559]	[44347]	[ 4.17447]	['Dark Knight, The (2008)']
45259	[173345]	[19]	[ 3.44737]	['Cat City (1986)']
45259	[171011]	[812]	[ 4.47968]	['Planet Earth II (2016)']
45259	[8111]	[3]	[ 5.]	['Into the Woods']
45259	[171495]	[137]	[ 4.35401]	['Cosmos']
45259	[158611]	[6]	[ 4.41667]	['The Weight of Chains (2010)']
45259	[159817]	[1326]	[ 4.44834]	['Planet Earth (2006)']
45259	[142871]	[15]	[ 4.4]	['O P\xc3\xa1tio das Cantigas (1942)']
45259	[183437]	[31]	[ 3.91935]	"[ ""World of Tomorrow Episode Two: The Burden of Other People's Thoughts (2017)""]"
45259	[95517]	[5]	[ 4.9]	['Barchester Chronicles, The (1982)']
45259	[170705]	[922]	[ 4.39371]	['Band of Brothers (2001)']
45259	[102323]	[6]	[ 4.41667]	"[""Grin Without a Cat, A (Fond de l'air est rouge, Le) (1977)""]"
45259	[77366]	[35]	[ 4.24286]	['Deadwood (TV) (2004)']
45259	[104119]	[6]	[ 4.5]	['Forsyte Saga, The (1967)']
45259	[66616]	[45]	[ 4.44444]	"[""Monty Python's Flying Circus (1969)""]"
45259	[3226]	[6]	[ 4.16667]	['Hellhounds on My Trail (1999)']
45259	[172591]	[372]	[ 4.34946]	['The Godfather Trilogy: 1972-1990 (1992)']
45259	[88570]	[13]	[ 4.30769]	['Welfare (1975)']
45259	[858]	[60588]	[ 4.33303]	['Godfather, The (1972)']
45259	[318]	[97404]	[ 4.42478]	['Shawshank Redemption, The (1994)']
45259	[179135]	[228]	[ 4.22149]	['Blue Planet II (2017)']
45999	[122882]	[12788]	[ 3.83031]	['Mad Max: Fury Road (2015)']
45999	[171011]	[812]	[ 4.47968]	['Planet Earth II (2016)']
45999	[48708]	[27]	[ 4.22222]	['Firefly (2002)']
45999	[77366]	[35]	[ 4.24286]	['Deadwood (TV) (2004)']
45999	[171495]	[137]	[ 4.35401]	['Cosmos']
45999	[162376]	[2998]	[ 4.34223]	['Stranger Things']
45999	[170705]	[922]	[ 4.39371]	['Band of Brothers (2001)']
45999	[858]	[60588]	[ 4.33303]	['Godfather, The (1972)']
45999	[7438]	[29781]	[ 3.8221]	['Kill Bill: Vol. 2 (2004)']
45999	[172591]	[372]	[ 4.34946]	['The Godfather Trilogy: 1972-1990 (1992)']
45999	[296]	[92022]	[ 4.17327]	['Pulp Fiction (1994)']
45999	[50]	[61941]	[ 4.2925]	['Usual Suspects, The (1995)']
45999	[122904]	[12809]	[ 3.8574]	['Deadpool (2016)']
45999	[159817]	[1326]	[ 4.44834]	['Planet Earth (2006)']
45999	[66616]	[45]	[ 4.44444]	"[""Monty Python's Flying Circus (1969)""]"
45999	[6874]	[35384]	[ 3.85615]	['Kill Bill: Vol. 1 (2003)']
45999	[174053]	[995]	[ 4.35427]	['Black Mirror: White Christmas (2014)']
45999	[168252]	[4984]	[ 3.89908]	['Logan (2017)']
45999	[3226]	[6]	[ 4.16667]	['Hellhounds on My Trail (1999)']
45999	[58559]	[44347]	[ 4.17447]	['Dark Knight, The (2008)']
46629	[173345]	[19]	[ 3.44737]	['Cat City (1986)']
46629	[106115]	[3]	[ 4.83333]	['Story of Science, The (2010)']
46629	[48708]	[27]	[ 4.22222]	['Firefly (2002)']
46629	[175315]	[9]	[ 4.16667]	['The Adventures of Prince Florisel (1979)']
46629	[86055]	[10]	[ 4.1]	['Foster Brothers, The (S\xc3\xbct kardesler) (1976)']
46629	[183437]	[31]	[ 3.91935]	"[ ""World of Tomorrow Episode Two: The Burden of Other People's Thoughts (2017)""]"
46629	[95517]	[5]	[ 4.9]	['Barchester Chronicles, The (1982)']
46629	[177601]	[8]	[ 4.125]	['Western (2017)']
46629	[158611]	[6]	[ 4.41667]	['The Weight of Chains (2010)']
46629	[102323]	[6]	[ 4.41667]	"[""Grin Without a Cat, A (Fond de l'air est rouge, Le) (1977)""]"
46629	[136086]	[5]	[ 4.4]	['A Difficult Life (1961)']
46629	[104119]	[6]	[ 4.5]	['Forsyte Saga, The (1967)']
46629	[3226]	[6]	[ 4.16667]	['Hellhounds on My Trail (1999)']
46629	[8111]	[3]	[ 5.]	['Into the Woods']
46629	[136892]	[3]	[ 4.66667]	['Dreams with Sharp Teeth (2008)']
46629	[88570]	[13]	[ 4.30769]	['Welfare (1975)']
46629	[95837]	[7]	[ 4.21429]	"[""Child's Christmas in Wales, A (1987)""]"
46629	[91007]	[5]	[ 4.5]	['I Want to Be a Soldier (2011)']
47230	[173345]	[19]	[ 3.44737]	['Cat City (1986)']
47230	[125698]	[5]	[ 3.8]	['Drive (2002)']
47230	[106115]	[3]	[ 4.83333]	['Story of Science, The (2010)']
47230	[48708]	[27]	[ 4.22222]	['Firefly (2002)']
47230	[126086]	[20]	[ 3.725]	['Norm MacDonald: Me Doing Standup (2011)']
47230	[182657]	[1]	[ 5.]	['Pale (2016)']
47230	[158611]	[6]	[ 4.41667]	['The Weight of Chains (2010)']
47230	[182793]	[3]	[ 4.33333]	['The Purple Sea (2009)']
47230	[156587]	[5]	[ 4.1]	['Hate Story (2012)']
47230	[183437]	[31]	[ 3.91935]	"[ ""World of Tomorrow Episode Two: The Burden of Other People's Thoughts (2017)""]"
47230	[8111]	[3]	[ 5.]	['Into the Woods']
47230	[102323]	[6]	[ 4.41667]	"[""Grin Without a Cat, A (Fond de l'air est rouge, Le) (1977)""]"
47230	[79348]	[9]	[ 3.83333]	['Pearl Jam: Immagine in Cornice - Live in Italy 2006 (2007)']
47230	[104119]	[6]	[ 4.5]	['Forsyte Saga, The (1967)']
47230	[3226]	[6]	[ 4.16667]	['Hellhounds on My Trail (1999)']
47230	[182781]	[1]	[ 5.]	['Amori che non sanno stare al mondo (2017)']
47230	[136892]	[3]	[ 4.66667]	['Dreams with Sharp Teeth (2008)']
47230	[95517]	[5]	[ 4.9]	['Barchester Chronicles, The (1982)']
47230	[182527]	[1]	[ 5.]	['Ciutat morta (2014)']
47230	[91007]	[5]	[ 4.5]	['I Want to Be a Soldier (2011)']
47701	[173345]	[19]	[ 3.44737]	['Cat City (1986)']
47701	[171011]	[812]	[ 4.47968]	['Planet Earth II (2016)']
47701	[48708]	[27]	[ 4.22222]	['Firefly (2002)']
47701	[174053]	[995]	[ 4.35427]	['Black Mirror: White Christmas (2014)']
47701	[172591]	[372]	[ 4.34946]	['The Godfather Trilogy: 1972-1990 (1992)']
47701	[171495]	[137]	[ 4.35401]	['Cosmos']
47701	[159817]	[1326]	[ 4.44834]	['Planet Earth (2006)']
47701	[163809]	[356]	[ 4.26404]	['Over the Garden Wall (2013)']
47701	[170705]	[922]	[ 4.39371]	['Band of Brothers (2001)']
47701	[5618]	[23021]	[ 4.20733]	['Spirited Away (Sen to Chihiro no kamikakushi) (2001)']
47701	[2019]	[14541]	[ 4.25476]	['Seven Samurai (Shichinin no samurai) (1954)']
47701	[95517]	[5]	[ 4.9]	['Barchester Chronicles, The (1982)']
47701	[77366]	[35]	[ 4.24286]	['Deadwood (TV) (2004)']
47701	[142871]	[15]	[ 4.4]	['O P\xc3\xa1tio das Cantigas (1942)']
47701	[66616]	[45]	[ 4.44444]	"[""Monty Python's Flying Circus (1969)""]"
47701	[142115]	[403]	[ 4.20471]	['The Blue Planet (2001)']
47701	[3226]	[6]	[ 4.16667]	['Hellhounds on My Trail (1999)']
47701	[1203]	[17852]	[ 4.23684]	['12 Angry Men (1957)']
47701	[858]	[60588]	[ 4.33303]	['Godfather, The (1972)']
47701	[318]	[97404]	[ 4.42478]	['Shawshank Redemption, The (1994)']
47944	[173345]	[19]	[ 3.44737]	['Cat City (1986)']
47944	[92259]	[13383]	[ 4.12781]	['Intouchables (2011)']
47944	[174053]	[995]	[ 4.35427]	['Black Mirror: White Christmas (2014)']
47944	[171495]	[137]	[ 4.35401]	['Cosmos']
47944	[86504]	[1804]	[ 4.12639]	['Voices from the List (2004)']
47944	[173673]	[16]	[ 3.96875]	['The Foundling (1939)']
47944	[3147]	[32927]	[ 4.02457]	['Green Mile, The (1999)']
47944	[183437]	[31]	[ 3.91935]	"[ ""World of Tomorrow Episode Two: The Burden of Other People's Thoughts (2017)""]"
47944	[109487]	[22731]	[ 4.09192]	['Interstellar (2014)']
47944	[169906]	[246]	[ 4.0935]	['The Night Of (2016)']
47944	[106115]	[3]	[ 4.83333]	['Story of Science, The (2010)']
47944	[2324]	[26858]	[ 4.1641]	['Life Is Beautiful (La Vita \xc3\xa8 bella) (1997)']
47944	[102323]	[6]	[ 4.41667]	"[""Grin Without a Cat, A (Fond de l'air est rouge, Le) (1977)""]"
47944	[104119]	[6]	[ 4.5]	['Forsyte Saga, The (1967)']
47944	[176601]	[162]	[ 4.24691]	['Black Mirror']
47944	[3226]	[6]	[ 4.16667]	['Hellhounds on My Trail (1999)']
47944	[8111]	[3]	[ 5.]	['Into the Woods']
47944	[88570]	[13]	[ 4.30769]	['Welfare (1975)']
47944	[95517]	[5]	[ 4.9]	['Barchester Chronicles, The (1982)']
47944	[91007]	[5]	[ 4.5]	['I Want to Be a Soldier (2011)']
47993	[173345]	[19]	[ 3.44737]	['Cat City (1986)']
47993	[171011]	[812]	[ 4.47968]	['Planet Earth II (2016)']
47993	[356]	[96639]	[ 4.05654]	['Forrest Gump (1994)']
47993	[1221]	[38676]	[ 4.26277]	['Godfather: Part II, The (1974)']
47993	[171495]	[137]	[ 4.35401]	['Cosmos']
47993	[86504]	[1804]	[ 4.12639]	['Voices from the List (2004)']
47993	[159817]	[1326]	[ 4.44834]	['Planet Earth (2006)']
47993	[77658]	[1800]	[ 4.19056]	['Cosmos (1980)']
47993	[7502]	[8507]	[ 4.2033]	['Band of Brothers (2001)']
47993	[527]	[71214]	[ 4.25779]	"[""Schindler's List (1993)""]"
47993	[93040]	[426]	[ 4.07629]	['Civil War, The (1990)']
47993	[170705]	[922]	[ 4.39371]	['Band of Brothers (2001)']
47993	[1203]	[17852]	[ 4.23684]	['12 Angry Men (1957)']
47993	[95517]	[5]	[ 4.9]	['Barchester Chronicles, The (1982)']
47993	[127098]	[1274]	[ 3.95565]	['Louis C.K.: Live at The Comedy Store (2015)']
47993	[77366]	[35]	[ 4.24286]	['Deadwood (TV) (2004)']
47993	[953]	[17750]	[ 4.01755]	"[""It's a Wonderful Life (1946)""]"
47993	[858]	[60588]	[ 4.33303]	['Godfather, The (1972)']
47993	[3226]	[6]	[ 4.16667]	['Hellhounds on My Trail (1999)']
47993	[318]	[97404]	[ 4.42478]	['Shawshank Redemption, The (1994)']
48351	[173345]	[19]	[ 3.44737]	['Cat City (1986)']
48351	[56548]	[3]	[ 4.66667]	['All Passion Spent (1986)']
48351	[175315]	[9]	[ 4.16667]	['The Adventures of Prince Florisel (1979)']
48351	[86055]	[10]	[ 4.1]	['Foster Brothers, The (S\xc3\xbct kardesler) (1976)']
48351	[128874]	[4]	[ 4.375]	['The Moromete Family (1987)']
48351	[183437]	[31]	[ 3.91935]	"[ ""World of Tomorrow Episode Two: The Burden of Other People's Thoughts (2017)""]"
48351	[8111]	[3]	[ 5.]	['Into the Woods']
48351	[177601]	[8]	[ 4.125]	['Western (2017)']
48351	[158611]	[6]	[ 4.41667]	['The Weight of Chains (2010)']
48351	[95517]	[5]	[ 4.9]	['Barchester Chronicles, The (1982)']
48351	[77366]	[35]	[ 4.24286]	['Deadwood (TV) (2004)']
48351	[104119]	[6]	[ 4.5]	['Forsyte Saga, The (1967)']
48351	[153364]	[4]	[ 4.625]	['Natsamrat (2016)']
48351	[3226]	[6]	[ 4.16667]	['Hellhounds on My Trail (1999)']
48351	[88570]	[13]	[ 4.30769]	['Welfare (1975)']
48351	[95837]	[7]	[ 4.21429]	"[""Child's Christmas in Wales, A (1987)""]"
48351	[91007]	[5]	[ 4.5]	['I Want to Be a Soldier (2011)']
48934	[173345]	[19]	[ 3.44737]	['Cat City (1986)']
48934	[26082]	[676]	[ 4.13683]	['Harakiri (Seppuku) (1962)']
48934	[171011]	[812]	[ 4.47968]	['Planet Earth II (2016)']
48934	[171495]	[137]	[ 4.35401]	['Cosmos']
48934	[159817]	[1326]	[ 4.44834]	['Planet Earth (2006)']
48934	[2571]	[84014]	[ 4.14977]	['Matrix, The (1999)']
48934	[26003]	[461]	[ 4.00434]	['Night and Fog (Nuit et brouillard) (1955)']
48934	[183437]	[31]	[ 3.91935]	"[ ""World of Tomorrow Episode Two: The Burden of Other People's Thoughts (2017)""]"
48934	[8111]	[3]	[ 5.]	['Into the Woods']
48934	[93040]	[426]	[ 4.07629]	['Civil War, The (1990)']
48934	[170705]	[922]	[ 4.39371]	['Band of Brothers (2001)']
48934	[86055]	[10]	[ 4.1]	['Foster Brothers, The (S\xc3\xbct kardesler) (1976)']
48934	[2019]	[14541]	[ 4.25476]	['Seven Samurai (Shichinin no samurai) (1954)']
48934	[102323]	[6]	[ 4.41667]	"[""Grin Without a Cat, A (Fond de l'air est rouge, Le) (1977)""]"
48934	[104119]	[6]	[ 4.5]	['Forsyte Saga, The (1967)']
48934	[66616]	[45]	[ 4.44444]	"[""Monty Python's Flying Circus (1969)""]"
48934	[176601]	[162]	[ 4.24691]	['Black Mirror']
48934	[3226]	[6]	[ 4.16667]	['Hellhounds on My Trail (1999)']
48934	[88570]	[13]	[ 4.30769]	['Welfare (1975)']
48934	[95517]	[5]	[ 4.9]	['Barchester Chronicles, The (1982)']
49212	[26528]	[703]	[ 3.93172]	['Anne of Green Gables (1985)']
49212	[173345]	[19]	[ 3.44737]	['Cat City (1986)']
49212	[7153]	[56939]	[ 4.10403]	['Lord of the Rings: The Return of the King, The (2003)']
49212	[48708]	[27]	[ 4.22222]	['Firefly (2002)']
49212	[171749]	[104]	[ 4.03365]	['Death Note: Desu n\xc3\xb4to (2006\xe2\x80\x932007)']
49212	[76093]	[13761]	[ 3.9205]	['How to Train Your Dragon (2010)']
49212	[2762]	[52064]	[ 4.0164]	['Sixth Sense, The (1999)']
49212	[74282]	[340]	[ 3.91176]	['Anne of Green Gables: The Sequel (a.k.a. Anne of Avonlea) (1987)']
49212	[1035]	[17115]	[ 3.80161]	['Sound of Music, The (1965)']
49212	[364]	[47180]	[ 3.81128]	['Lion King, The (1994)']
49212	[95517]	[5]	[ 4.9]	['Barchester Chronicles, The (1982)']
49212	[170705]	[922]	[ 4.39371]	['Band of Brothers (2001)']
49212	[4306]	[46570]	[ 3.7732]	['Shrek (2001)']
49212	[595]	[42323]	[ 3.67951]	['Beauty and the Beast (1991)']
49212	[79348]	[9]	[ 3.83333]	['Pearl Jam: Immagine in Cornice - Live in Italy 2006 (2007)']
49212	[7669]	[2909]	[ 3.97078]	['Pride and Prejudice (1995)']
49212	[69849]	[517]	[ 3.85397]	['Roots (1977)']
49212	[3226]	[6]	[ 4.16667]	['Hellhounds on My Trail (1999)']
49212	[88125]	[13086]	[ 3.91032]	['Harry Potter and the Deathly Hallows: Part 2 (2011)']
49212	[318]	[97404]	[ 4.42478]	['Shawshank Redemption, The (1994)']
49796	[5952]	[56326]	[ 4.07519]	['Lord of the Rings: The Two Towers, The (2002)']
49796	[4993]	[61476]	[ 4.09843]	['Lord of the Rings: The Fellowship of the Ring, The (2001)']
49796	[77366]	[35]	[ 4.24286]	['Deadwood (TV) (2004)']
49796	[260]	[81442]	[ 4.12178]	['Star Wars: Episode IV - A New Hope (1977)']
49796	[104069]	[914]	[ 3.97702]	['Louis C.K.: Oh My God (2013)']
49796	[7153]	[56939]	[ 4.10403]	['Lord of the Rings: The Return of the King, The (2003)']
49796	[86504]	[1804]	[ 4.12639]	['Voices from the List (2004)']
49796	[86345]	[1839]	[ 4.00326]	['Louis C.K.: Hilarious (2010)']
49796	[86347]	[1484]	[ 3.9936]	['Louis C.K.: Chewed Up (2008)']
49796	[102217]	[156]	[ 3.84295]	['Bill Hicks: Revelations (1993)']
49796	[120815]	[55]	[ 3.66364]	['Patton Oswalt: Werewolves and Lollipops (2007)']
49796	[78160]	[283]	[ 3.72615]	['Ricky Gervais Live: Animals (2003)']
49796	[170705]	[922]	[ 4.39371]	['Band of Brothers (2001)']
49796	[7502]	[8507]	[ 4.2033]	['Band of Brothers (2001)']
49796	[1198]	[63203]	[ 4.12135]	[ 'Raiders of the Lost Ark (Indiana Jones and the Raiders of the Lost Ark) (1981)']
49796	[66934]	[4739]	[ 3.96128]	"[""Dr. Horrible's Sing-Along Blog (2008)""]"
49796	[92535]	[1812]	[ 3.96937]	['Louis C.K.: Live at the Beacon Theater (2011)']
49796	[858]	[60588]	[ 4.33303]	['Godfather, The (1972)']
49796	[86237]	[49]	[ 3.68367]	['Connections (1978)']
49796	[86377]	[1861]	[ 3.98442]	['Louis C.K.: Shameless (2007)']
50330	[122882]	[12788]	[ 3.83031]	['Mad Max: Fury Road (2015)']
50330	[171011]	[812]	[ 4.47968]	['Planet Earth II (2016)']
50330	[260]	[81442]	[ 4.12178]	['Star Wars: Episode IV - A New Hope (1977)']
50330	[122886]	[12563]	[ 3.801]	['Star Wars: Episode VII - The Force Awakens (2015)']
50330	[2918]	[29188]	[ 3.92202]	"[""Ferris Bueller's Day Off (1986)""]"
50330	[296]	[92022]	[ 4.17327]	['Pulp Fiction (1994)']
50330	[1036]	[40116]	[ 3.93]	['Die Hard (1988)']
50330	[3210]	[9808]	[ 3.63815]	['Fast Times at Ridgemont High (1982)']
50330	[2571]	[84014]	[ 4.14977]	['Matrix, The (1999)']
50330	[1196]	[65498]	[ 4.13449]	['Star Wars: Episode V - The Empire Strikes Back (1980)']
50330	[1517]	[26727]	[ 3.399]	['Austin Powers: International Man of Mystery (1997)']
50330	[7438]	[29781]	[ 3.8221]	['Kill Bill: Vol. 2 (2004)']
50330	[3421]	[13203]	[ 3.78611]	['Animal House (1978)']
50330	[170705]	[922]	[ 4.39371]	['Band of Brothers (2001)']
50330	[78499]	[14701]	[ 3.87076]	['Toy Story 3 (2010)']
50330	[1198]	[63203]	[ 4.12135]	[ 'Raiders of the Lost Ark (Indiana Jones and the Raiders of the Lost Ark) (1981)']
50330	[77366]	[35]	[ 4.24286]	['Deadwood (TV) (2004)']
50330	[6874]	[35384]	[ 3.85615]	['Kill Bill: Vol. 1 (2003)']
50330	[3996]	[31129]	[ 3.85549]	['Crouching Tiger, Hidden Dragon (Wo hu cang long) (2000)']
50330	[858]	[60588]	[ 4.33303]	['Godfather, The (1972)']
51444	[173345]	[19]	[ 3.44737]	['Cat City (1986)']
51444	[106115]	[3]	[ 4.83333]	['Story of Science, The (2010)']
51444	[171495]	[137]	[ 4.35401]	['Cosmos']
51444	[86055]	[10]	[ 4.1]	['Foster Brothers, The (S\xc3\xbct kardesler) (1976)']
51444	[88570]	[13]	[ 4.30769]	['Welfare (1975)']
51444	[183437]	[31]	[ 3.91935]	"[ ""World of Tomorrow Episode Two: The Burden of Other People's Thoughts (2017)""]"
51444	[8111]	[3]	[ 5.]	['Into the Woods']
51444	[177601]	[8]	[ 4.125]	['Western (2017)']
51444	[102323]	[6]	[ 4.41667]	"[""Grin Without a Cat, A (Fond de l'air est rouge, Le) (1977)""]"
51444	[95837]	[7]	[ 4.21429]	"[""Child's Christmas in Wales, A (1987)""]"
51444	[143422]	[2]	[ 5.]	['2 (2007)']
51444	[104119]	[6]	[ 4.5]	['Forsyte Saga, The (1967)']
51444	[176601]	[162]	[ 4.24691]	['Black Mirror']
51444	[3226]	[6]	[ 4.16667]	['Hellhounds on My Trail (1999)']
51444	[158611]	[6]	[ 4.41667]	['The Weight of Chains (2010)']
51444	[95517]	[5]	[ 4.9]	['Barchester Chronicles, The (1982)']
51444	[318]	[97404]	[ 4.42478]	['Shawshank Redemption, The (1994)']
51444	[91007]	[5]	[ 4.5]	['I Want to Be a Soldier (2011)']
51875	[4873]	[3996]	[ 3.84747]	['Waking Life (2001)']
51875	[4422]	[804]	[ 3.9658]	['Cries and Whispers (Viskningar och rop) (1972)']
51875	[26150]	[942]	[ 4.05096]	['Andrei Rublev (Andrey Rublyov) (1969)']
51875	[6918]	[394]	[ 4.03807]	['Unvanquished, The (Aparajito) (1957)']
51875	[2920]	[1156]	[ 4.12197]	['Children of Paradise (Les enfants du paradis) (1945)']
51875	[668]	[900]	[ 4.10444]	['Song of the Little Road (Pather Panchali) (1955)']
51875	[47404]	[255]	[ 3.83137]	['Mind Game (2004)']
51875	[6985]	[1027]	[ 3.99513]	"[""Passion of Joan of Arc, The (Passion de Jeanne d'Arc, La) (1928)""]"
51875	[7438]	[29781]	[ 3.8221]	['Kill Bill: Vol. 2 (2004)']
51875	[2351]	[1387]	[ 4.10707]	['Nights of Cabiria (Notti di Cabiria, Le) (1957)']
51875	[4848]	[12940]	[ 3.82438]	['Mulholland Drive (2001)']
51875	[27366]	[172]	[ 3.90407]	['Werckmeister Harmonies (Werckmeister harm\xc3\xb3ni\xc3\xa1k) (2000)']
51875	[2931]	[487]	[ 4.0308]	['Time of the Gypsies (Dom za vesanje) (1989)']
51875	[670]	[829]	[ 4.11701]	['World of Apu, The (Apur Sansar) (1959)']
51875	[26326]	[669]	[ 3.95441]	['Holy Mountain, The (Monta\xc3\xb1a sagrada, La) (1973)']
51875	[3415]	[816]	[ 4.01961]	['Mirror, The (Zerkalo) (1975)']
51875	[6874]	[35384]	[ 3.85615]	['Kill Bill: Vol. 1 (2003)']
51875	[3676]	[3487]	[ 3.63178]	['Eraserhead (1977)']
51875	[57502]	[260]	[ 3.83077]	['Cat Soup (Nekojiru-so) (2001)']
51875	[1237]	[5476]	[ 4.08829]	['Seventh Seal, The (Sjunde inseglet, Det) (1957)']
51890	[1248]	[5319]	[ 4.15163]	['Touch of Evil (1958)']
51890	[26171]	[418]	[ 3.90789]	['Play Time (a.k.a. Playtime) (1967)']
51890	[2066]	[1278]	[ 4.08059]	['Out of the Past (1947)']
51890	[1251]	[3792]	[ 4.02637]	['8 1/2 (8\xc2\xbd) (1963)']
51890	[1284]	[6457]	[ 4.1599]	['Big Sleep, The (1946)']
51890	[1252]	[19033]	[ 4.15231]	['Chinatown (1974)']
51890	[27366]	[172]	[ 3.90407]	['Werckmeister Harmonies (Werckmeister harm\xc3\xb3ni\xc3\xa1k) (2000)']
51890	[2935]	[1553]	[ 4.09015]	['Lady Eve, The (1941)']
51890	[8620]	[629]	[ 3.9841]	['Exterminating Angel, The (\xc3\x81ngel exterminador, El) (1962)']
51890	[25805]	[354]	[ 3.90395]	"[""Atalante, L' (1934)""]"
51890	[26094]	[336]	[ 3.98363]	"[""Eclisse, L' (Eclipse) (1962)""]"
51890	[1572]	[758]	[ 3.83575]	['Contempt (M\xc3\xa9pris, Le) (1963)']
51890	[7762]	[677]	[ 3.9291]	['Tinker, Tailor, Soldier, Spy (1979)']
51890	[8195]	[626]	[ 3.9393]	"[""Avventura, L' (Adventure, The) (1960)""]"
51890	[3415]	[816]	[ 4.01961]	['Mirror, The (Zerkalo) (1975)']
51890	[2937]	[947]	[ 4.05755]	['Palm Beach Story, The (1942)']
51890	[7013]	[1901]	[ 4.00658]	['Night of the Hunter, The (1955)']
51890	[2395]	[16743]	[ 3.8376]	['Rushmore (1998)']
51890	[1212]	[7947]	[ 4.20404]	['Third Man, The (1949)']
51890	[6783]	[914]	[ 4.01586]	['Rules of the Game, The (La r\xc3\xa8gle du jeu) (1939)']
51939	[105250]	[207]	[ 4.07729]	['Century of the Self, The (2002)']
51939	[26171]	[418]	[ 3.90789]	['Play Time (a.k.a. Playtime) (1967)']
51939	[1284]	[6457]	[ 4.1599]	['Big Sleep, The (1946)']
51939	[8785]	[170]	[ 3.97059]	['Early Summer (Bakush\xc3\xbb) (1951)']
51939	[1256]	[6302]	[ 4.08394]	['Duck Soup (1933)']
51939	[7215]	[1063]	[ 4.01364]	['To Have and Have Not (1944)']
51939	[8620]	[629]	[ 3.9841]	['Exterminating Angel, The (\xc3\x81ngel exterminador, El) (1962)']
51939	[898]	[7818]	[ 4.11051]	['Philadelphia Story, The (1940)']
51939	[3022]	[2687]	[ 4.10123]	['General, The (1926)']
51939	[120815]	[55]	[ 3.66364]	['Patton Oswalt: Werewolves and Lollipops (2007)']
51939	[142608]	[17]	[ 4.26471]	['A Song of Lisbon (1933)']
51939	[913]	[14569]	[ 4.1324]	['Maltese Falcon, The (1941)']
51939	[2019]	[14541]	[ 4.25476]	['Seven Samurai (Shichinin no samurai) (1954)']
51939	[162414]	[1654]	[ 3.80381]	['Moonlight']
51939	[950]	[3698]	[ 4.1517]	['Thin Man, The (1934)']
51939	[116855]	[224]	[ 3.8125]	['The Way He Looks (2014)']
51939	[2937]	[947]	[ 4.05755]	['Palm Beach Story, The (1942)']
51939	[25954]	[277]	[ 3.98195]	['Orpheus (Orph\xc3\xa9e) (1950)']
51939	[86237]	[49]	[ 3.68367]	['Connections (1978)']
51939	[3134]	[1822]	[ 4.13172]	['Grand Illusion (La grande illusion) (1937)']
51966	[163809]	[356]	[ 4.26404]	['Over the Garden Wall (2013)']
51966	[142608]	[17]	[ 4.26471]	['A Song of Lisbon (1933)']
51966	[93988]	[388]	[ 4.0116]	['North & South (2004)']
51966	[134849]	[222]	[ 3.98198]	['Duck Amuck (1953)']
51966	[745]	[13857]	[ 4.1098]	['Wallace & Gromit: A Close Shave (1995)']
51966	[1223]	[9201]	[ 4.00533]	['Grand Day Out with Wallace and Gromit, A (1989)']
51966	[4973]	[36941]	[ 4.11813]	"[""Amelie (Fabuleux destin d'Am\xc3\xa9lie Poulain, Le) (2001)""]"
51966	[137904]	[85]	[ 3.95294]	['I, Claudius (1976)']
51966	[6669]	[1542]	[ 4.10862]	['Ikiru (1952)']
51966	[720]	[9670]	[ 4.03557]	['Wallace & Gromit: The Best of Aardman Animation (1996)']
51966	[32657]	[308]	[ 3.98701]	"[""Man Who Planted Trees, The (Homme qui plantait des arbres, L') (1987)""]"
51966	[5618]	[23021]	[ 4.20733]	['Spirited Away (Sen to Chihiro no kamikakushi) (2001)']
51966	[1537]	[4648]	[ 3.87274]	['Shall We Dance? (Shall We Dansu?) (1996)']
51966	[162414]	[1654]	[ 3.80381]	['Moonlight']
51966	[120807]	[274]	[ 3.98358]	['John Mulaney: New In Town (2012)']
51966	[26073]	[90]	[ 3.98889]	['Human Condition III, The (Ningen no joken III) (1961)']
51966	[3739]	[468]	[ 3.9594]	['Trouble in Paradise (1932)']
51966	[3996]	[31129]	[ 3.85549]	['Crouching Tiger, Hidden Dragon (Wo hu cang long) (2000)']
51966	[86237]	[49]	[ 3.68367]	['Connections (1978)']
51966	[27423]	[174]	[ 4.1408]	"[""O Auto da Compadecida (Dog's Will, A) (2000)""]"
51982	[173345]	[19]	[ 3.44737]	['Cat City (1986)']
51982	[171011]	[812]	[ 4.47968]	['Planet Earth II (2016)']
51982	[7153]	[56939]	[ 4.10403]	['Lord of the Rings: The Return of the King, The (2003)']
51982	[173673]	[16]	[ 3.96875]	['The Foundling (1939)']
51982	[159817]	[1326]	[ 4.44834]	['Planet Earth (2006)']
51982	[7502]	[8507]	[ 4.2033]	['Band of Brothers (2001)']
51982	[8111]	[3]	[ 5.]	['Into the Woods']
51982	[170705]	[922]	[ 4.39371]	['Band of Brothers (2001)']
51982	[86055]	[10]	[ 4.1]	['Foster Brothers, The (S\xc3\xbct kardesler) (1976)']
51982	[102323]	[6]	[ 4.41667]	"[""Grin Without a Cat, A (Fond de l'air est rouge, Le) (1977)""]"
51982	[166643]	[2566]	[ 4.01403]	['Hidden Figures (2016)']
51982	[54286]	[21500]	[ 3.93644]	['Bourne Ultimatum, The (2007)']
51982	[26614]	[4212]	[ 3.9873]	['Bourne Identity, The (1988)']
51982	[104119]	[6]	[ 4.5]	['Forsyte Saga, The (1967)']
51982	[142115]	[403]	[ 4.20471]	['The Blue Planet (2001)']
51982	[3226]	[6]	[ 4.16667]	['Hellhounds on My Trail (1999)']
51982	[88570]	[13]	[ 4.30769]	['Welfare (1975)']
51982	[95517]	[5]	[ 4.9]	['Barchester Chronicles, The (1982)']
51982	[318]	[97404]	[ 4.42478]	['Shawshank Redemption, The (1994)']
51982	[91007]	[5]	[ 4.5]	['I Want to Be a Soldier (2011)']
52146	[1217]	[5692]	[ 4.14687]	['Ran (1985)']
52146	[2019]	[14541]	[ 4.25476]	['Seven Samurai (Shichinin no samurai) (1954)']
52146	[1221]	[38676]	[ 4.26277]	['Godfather: Part II, The (1974)']
52146	[26150]	[942]	[ 4.05096]	['Andrei Rublev (Andrey Rublyov) (1969)']
52146	[2920]	[1156]	[ 4.12197]	['Children of Paradise (Les enfants du paradis) (1945)']
52146	[2732]	[2052]	[ 3.96004]	['Jules and Jim (Jules et Jim) (1961)']
52146	[47404]	[255]	[ 3.83137]	['Mind Game (2004)']
52146	[55820]	[18330]	[ 4.00657]	['No Country for Old Men (2007)']
52146	[2351]	[1387]	[ 4.10707]	['Nights of Cabiria (Notti di Cabiria, Le) (1957)']
52146	[296]	[92022]	[ 4.17327]	['Pulp Fiction (1994)']
52146	[6918]	[394]	[ 4.03807]	['Unvanquished, The (Aparajito) (1957)']
52146	[1251]	[3792]	[ 4.02637]	['8 1/2 (8\xc2\xbd) (1963)']
52146	[8724]	[345]	[ 3.88841]	['Leopard, The (Gattopardo, Il) (1963)']
52146	[1237]	[5476]	[ 4.08829]	['Seventh Seal, The (Sjunde inseglet, Det) (1957)']
52146	[3415]	[816]	[ 4.01961]	['Mirror, The (Zerkalo) (1975)']
52146	[1208]	[28871]	[ 4.10737]	['Apocalypse Now (1979)']
52146	[858]	[60588]	[ 4.33303]	['Godfather, The (1972)']
52146	[2575]	[1443]	[ 3.93035]	['Dreamlife of Angels, The (Vie r\xc3\xaav\xc3\xa9e des anges, La) (1998)']
52146	[3134]	[1822]	[ 4.13172]	['Grand Illusion (La grande illusion) (1937)']
52146	[1228]	[11782]	[ 4.04944]	['Raging Bull (1980)']
53023	[1537]	[4648]	[ 3.87274]	['Shall We Dance? (Shall We Dansu?) (1996)']
53023	[76738]	[168]	[ 3.81548]	['Steam of Life (Miesten vuoro) (2010)']
53023	[1734]	[1960]	[ 3.94847]	['My Life in Pink (Ma vie en rose) (1997)']
53023	[1235]	[9936]	[ 3.96155]	['Harold and Maude (1971)']
53023	[163809]	[356]	[ 4.26404]	['Over the Garden Wall (2013)']
53023	[102602]	[134]	[ 3.87687]	['Mimino (1977)']
53023	[84716]	[333]	[ 3.90991]	['Castaway on the Moon (Kimssi pyoryugi) (2009)']
53023	[92494]	[133]	[ 3.83835]	['Dylan Moran: Monster (2004)']
53023	[1199]	[16983]	[ 4.00889]	['Brazil (1985)']
53023	[142608]	[17]	[ 4.26471]	['A Song of Lisbon (1933)']
53023	[32657]	[308]	[ 3.98701]	"[""Man Who Planted Trees, The (Homme qui plantait des arbres, L') (1987)""]"
53023	[30803]	[1405]	[ 3.95872]	['3-Iron (Bin-jip) (2004)']
53023	[99764]	[357]	[ 3.93838]	"[""It's Such a Beautiful Day (2012)""]"
53023	[4806]	[221]	[ 3.99548]	['Shop on Main Street, The (Obchod na korze) (1965)']
53023	[50742]	[306]	[ 3.95915]	['7 Plus Seven (1970)']
53023	[345]	[11789]	[ 3.62444]	['Adventures of Priscilla, Queen of the Desert, The (1994)']
53023	[1236]	[1027]	[ 4.02142]	['Trust (1990)']
53023	[26587]	[546]	[ 4.11264]	['Decalogue, The (Dekalog) (1989)']
53023	[668]	[900]	[ 4.10444]	['Song of the Little Road (Pather Panchali) (1955)']
53023	[86237]	[49]	[ 3.68367]	['Connections (1978)']
53834	[5952]	[56326]	[ 4.07519]	['Lord of the Rings: The Two Towers, The (2002)']
53834	[4993]	[61476]	[ 4.09843]	['Lord of the Rings: The Fellowship of the Ring, The (2001)']
53834	[171011]	[812]	[ 4.47968]	['Planet Earth II (2016)']
53834	[260]	[81442]	[ 4.12178]	['Star Wars: Episode IV - A New Hope (1977)']
53834	[174053]	[995]	[ 4.35427]	['Black Mirror: White Christmas (2014)']
53834	[170705]	[922]	[ 4.39371]	['Band of Brothers (2001)']
53834	[162376]	[2998]	[ 4.34223]	['Stranger Things']
53834	[159817]	[1326]	[ 4.44834]	['Planet Earth (2006)']
53834	[171495]	[137]	[ 4.35401]	['Cosmos']
53834	[100044]	[281]	[ 4.18683]	['Human Planet (2011)']
53834	[173345]	[19]	[ 3.44737]	['Cat City (1986)']
53834	[7502]	[8507]	[ 4.2033]	['Band of Brothers (2001)']
53834	[7153]	[56939]	[ 4.10403]	['Lord of the Rings: The Return of the King, The (2003)']
53834	[159819]	[158]	[ 4.12975]	['Life (2009)']
53834	[142115]	[403]	[ 4.20471]	['The Blue Planet (2001)']
53834	[66616]	[45]	[ 4.44444]	"[""Monty Python's Flying Circus (1969)""]"
53834	[176601]	[162]	[ 4.24691]	['Black Mirror']
53834	[3226]	[6]	[ 4.16667]	['Hellhounds on My Trail (1999)']
53834	[95517]	[5]	[ 4.9]	['Barchester Chronicles, The (1982)']
53834	[318]	[97404]	[ 4.42478]	['Shawshank Redemption, The (1994)']
54018	[1250]	[14685]	[ 4.08338]	['Bridge on the River Kwai, The (1957)']
54018	[1251]	[3792]	[ 4.02637]	['8 1/2 (8\xc2\xbd) (1963)']
54018	[1252]	[19033]	[ 4.15231]	['Chinatown (1974)']
54018	[26150]	[942]	[ 4.05096]	['Andrei Rublev (Andrey Rublyov) (1969)']
54018	[4422]	[804]	[ 3.9658]	['Cries and Whispers (Viskningar och rop) (1972)']
54018	[55820]	[18330]	[ 4.00657]	['No Country for Old Men (2007)']
54018	[7063]	[1757]	[ 3.9724]	['Aguirre: The Wrath of God (Aguirre, der Zorn Gottes) (1972)']
54018	[1228]	[11782]	[ 4.04944]	['Raging Bull (1980)']
54018	[7502]	[8507]	[ 4.2033]	['Band of Brothers (2001)']
54018	[7759]	[389]	[ 3.92931]	['Nostalghia (1983)']
54018	[93040]	[426]	[ 4.07629]	['Civil War, The (1990)']
54018	[1272]	[9499]	[ 3.99984]	['Patton (1970)']
54018	[26578]	[373]	[ 4.01743]	['Sacrifice, The (Offret - Sacraficatio) (1986)']
54018	[1204]	[15391]	[ 4.11322]	['Lawrence of Arabia (1962)']
54018	[26094]	[336]	[ 3.98363]	"[""Eclisse, L' (Eclipse) (1962)""]"
54018	[3415]	[816]	[ 4.01961]	['Mirror, The (Zerkalo) (1975)']
54018	[1208]	[28871]	[ 4.10737]	['Apocalypse Now (1979)']
54018	[8154]	[1807]	[ 3.92391]	['Dolce Vita, La (1960)']
54018	[3421]	[13203]	[ 3.78611]	['Animal House (1978)']
54018	[7749]	[317]	[ 3.65931]	['Weekend (a.k.a. Le Week-end) (Week End) (1967)']
54441	[173345]	[19]	[ 3.44737]	['Cat City (1986)']
54441	[151810]	[12]	[ 3.75]	['The Fiend of Athens... (1956)']
54441	[104119]	[6]	[ 4.5]	['Forsyte Saga, The (1967)']
54441	[171495]	[137]	[ 4.35401]	['Cosmos']
54441	[116136]	[210]	[ 4.00952]	['Olive Kitteridge (2014)']
54441	[111529]	[199]	[ 3.75377]	['Normal Heart, The (2014)']
54441	[159467]	[3]	[ 3.66667]	['Fifi Howls from Happiness (2013)']
54441	[165069]	[42]	[ 3.60714]	['Baseball (1994)']
54441	[183437]	[31]	[ 3.91935]	"[ ""World of Tomorrow Episode Two: The Burden of Other People's Thoughts (2017)""]"
54441	[142608]	[17]	[ 4.26471]	['A Song of Lisbon (1933)']
54441	[143476]	[209]	[ 3.61005]	['Where To Invade Next (2015)']
54441	[96563]	[139]	[ 3.84532]	['Paradise Lost 3: Purgatory (2011)']
54441	[95517]	[5]	[ 4.9]	['Barchester Chronicles, The (1982)']
54441	[102323]	[6]	[ 4.41667]	"[""Grin Without a Cat, A (Fond de l'air est rouge, Le) (1977)""]"
54441	[142871]	[15]	[ 4.4]	['O P\xc3\xa1tio das Cantigas (1942)']
54441	[159129]	[3]	[ 4.5]	['I-Be Area (2007)']
54441	[3226]	[6]	[ 4.16667]	['Hellhounds on My Trail (1999)']
54441	[159195]	[222]	[ 3.83108]	['I, Daniel Blake (2016)']
54441	[88570]	[13]	[ 4.30769]	['Welfare (1975)']
54441	[101850]	[124]	[ 4.09274]	['Death on the Staircase (Soup\xc3\xa7ons) (2004)']
54449	[137904]	[85]	[ 3.95294]	['I, Claudius (1976)']
54449	[98956]	[132]	[ 3.68561]	['Barfi! (2012)']
54449	[26340]	[247]	[ 3.75506]	"[""Twelve Tasks of Asterix, The (Les douze travaux d'Ast\xc3\xa9rix) (1976)""]"
54449	[120807]	[274]	[ 3.98358]	['John Mulaney: New In Town (2012)']
54449	[102217]	[156]	[ 3.84295]	['Bill Hicks: Revelations (1993)']
54449	[114028]	[528]	[ 3.87405]	['Pride (2014)']
54449	[111529]	[199]	[ 3.75377]	['Normal Heart, The (2014)']
54449	[86781]	[1255]	[ 3.9992]	['Incendies (2010)']
54449	[104944]	[1365]	[ 3.98645]	['Short Term 12 (2013)']
54449	[170705]	[922]	[ 4.39371]	['Band of Brothers (2001)']
54449	[33779]	[545]	[ 3.95505]	['Eddie Izzard: Dress to Kill (1999)']
54449	[142452]	[84]	[ 3.76786]	['Puella Magi Madoka Magica the Movie Part II: Eternal (2012)']
54449	[66934]	[4739]	[ 3.96128]	"[""Dr. Horrible's Sing-Along Blog (2008)""]"
54449	[176601]	[162]	[ 4.24691]	['Black Mirror']
54449	[73881]	[1380]	[ 3.92609]	['3 Idiots (2009)']
54449	[40697]	[198]	[ 3.87121]	['Babylon 5']
54449	[55098]	[227]	[ 3.97137]	['Paint It Yellow (Rang De Basanti) (2006)']
54449	[527]	[71214]	[ 4.25779]	"[""Schindler's List (1993)""]"
54449	[86237]	[49]	[ 3.68367]	['Connections (1978)']
54449	[55071]	[358]	[ 3.81844]	['No End in Sight (2007)']
54466	[5952]	[56326]	[ 4.07519]	['Lord of the Rings: The Two Towers, The (2002)']
54466	[4993]	[61476]	[ 4.09843]	['Lord of the Rings: The Fellowship of the Ring, The (2001)']
54466	[171011]	[812]	[ 4.47968]	['Planet Earth II (2016)']
54466	[104944]	[1365]	[ 3.98645]	['Short Term 12 (2013)']
54466	[173345]	[19]	[ 3.44737]	['Cat City (1986)']
54466	[5224]	[149]	[ 3.84228]	['Promises (2001)']
54466	[159817]	[1326]	[ 4.44834]	['Planet Earth (2006)']
54466	[142871]	[15]	[ 4.4]	['O P\xc3\xa1tio das Cantigas (1942)']
54466	[114635]	[142]	[ 4.02113]	['Look of Silence, The (2014)']
54466	[39183]	[8369]	[ 3.60605]	['Brokeback Mountain (2005)']
54466	[142608]	[17]	[ 4.26471]	['A Song of Lisbon (1933)']
54466	[7153]	[56939]	[ 4.10403]	['Lord of the Rings: The Return of the King, The (2003)']
54466	[142115]	[403]	[ 4.20471]	['The Blue Planet (2001)']
54466	[95517]	[5]	[ 4.9]	['Barchester Chronicles, The (1982)']
54466	[7669]	[2909]	[ 3.97078]	['Pride and Prejudice (1995)']
54466	[77366]	[35]	[ 4.24286]	['Deadwood (TV) (2004)']
54466	[104119]	[6]	[ 4.5]	['Forsyte Saga, The (1967)']
54466	[3226]	[6]	[ 4.16667]	['Hellhounds on My Trail (1999)']
54466	[86237]	[49]	[ 3.68367]	['Connections (1978)']
54466	[26453]	[115]	[ 4.05217]	"[""Smiley's People (1982)""]"
55448	[26528]	[703]	[ 3.93172]	['Anne of Green Gables (1985)']
55448	[1537]	[4648]	[ 3.87274]	['Shall We Dance? (Shall We Dansu?) (1996)']
55448	[898]	[7818]	[ 4.11051]	['Philadelphia Story, The (1940)']
55448	[3083]	[5154]	[ 3.98555]	['All About My Mother (Todo sobre mi madre) (1999)']
55448	[1188]	[8675]	[ 3.79533]	['Strictly Ballroom (1992)']
55448	[134849]	[222]	[ 3.98198]	['Duck Amuck (1953)']
55448	[745]	[13857]	[ 4.1098]	['Wallace & Gromit: A Close Shave (1995)']
55448	[74282]	[340]	[ 3.91176]	['Anne of Green Gables: The Sequel (a.k.a. Anne of Avonlea) (1987)']
55448	[1207]	[17938]	[ 4.15464]	['To Kill a Mockingbird (1962)']
55448	[105250]	[207]	[ 4.07729]	['Century of the Self, The (2002)']
55448	[910]	[13726]	[ 4.03133]	['Some Like It Hot (1959)']
55448	[39183]	[8369]	[ 3.60605]	['Brokeback Mountain (2005)']
55448	[720]	[9670]	[ 4.03557]	['Wallace & Gromit: The Best of Aardman Animation (1996)']
55448	[969]	[11925]	[ 4.06025]	['African Queen, The (1951)']
55448	[7669]	[2909]	[ 3.97078]	['Pride and Prejudice (1995)']
55448	[950]	[3698]	[ 4.1517]	['Thin Man, The (1934)']
55448	[6985]	[1027]	[ 3.99513]	"[""Passion of Joan of Arc, The (Passion de Jeanne d'Arc, La) (1928)""]"
55448	[1148]	[17311]	[ 4.12951]	['Wallace & Gromit: The Wrong Trousers (1993)']
55448	[6218]	[9642]	[ 3.48481]	['Bend It Like Beckham (2002)']
55448	[32853]	[148]	[ 4.03041]	['Sorrow and the Pity, The (Le chagrin et la piti\xc3\xa9) (1969)']
55701	[26528]	[703]	[ 3.93172]	['Anne of Green Gables (1985)']
55701	[134849]	[222]	[ 3.98198]	['Duck Amuck (1953)']
55701	[26082]	[676]	[ 4.13683]	['Harakiri (Seppuku) (1962)']
55701	[74282]	[340]	[ 3.91176]	['Anne of Green Gables: The Sequel (a.k.a. Anne of Avonlea) (1987)']
55701	[93988]	[388]	[ 4.0116]	['North & South (2004)']
55701	[6981]	[235]	[ 3.98511]	['Ordet (Word, The) (1955)']
55701	[60904]	[633]	[ 4.11927]	['Heart of a Dog (Sobachye serdtse) (1988)']
55701	[6985]	[1027]	[ 3.99513]	"[""Passion of Joan of Arc, The (Passion de Jeanne d'Arc, La) (1928)""]"
55701	[25898]	[199]	[ 3.90452]	['Day of Wrath (Vredens dag) (1943)']
55701	[8459]	[301]	[ 3.89369]	['Heiress, The (1949)']
55701	[3022]	[2687]	[ 4.10123]	['General, The (1926)']
55701	[26003]	[461]	[ 4.00434]	['Night and Fog (Nuit et brouillard) (1955)']
55701	[116]	[1045]	[ 3.91579]	['Anne Frank Remembered (1995)']
55701	[7669]	[2909]	[ 3.97078]	['Pride and Prejudice (1995)']
55701	[25750]	[593]	[ 3.90219]	['Sherlock Jr. (1924)']
55701	[7064]	[1144]	[ 3.90778]	['Beauty and the Beast (La belle et la b\xc3\xaate) (1946)']
55701	[8580]	[525]	[ 3.90095]	['Into the Woods (1991)']
55701	[3739]	[468]	[ 3.9594]	['Trouble in Paradise (1932)']
55701	[8125]	[637]	[ 3.96703]	['Sunrise: A Song of Two Humans (1927)']
55701	[670]	[829]	[ 4.11701]	['World of Apu, The (Apur Sansar) (1959)']
55768	[134849]	[222]	[ 3.98198]	['Duck Amuck (1953)']
55768	[26082]	[676]	[ 4.13683]	['Harakiri (Seppuku) (1962)']
55768	[171011]	[812]	[ 4.47968]	['Planet Earth II (2016)']
55768	[1221]	[38676]	[ 4.26277]	['Godfather: Part II, The (1974)']
55768	[6918]	[394]	[ 4.03807]	['Unvanquished, The (Aparajito) (1957)']
55768	[171495]	[137]	[ 4.35401]	['Cosmos']
55768	[296]	[92022]	[ 4.17327]	['Pulp Fiction (1994)']
55768	[159817]	[1326]	[ 4.44834]	['Planet Earth (2006)']
55768	[8620]	[629]	[ 3.9841]	['Exterminating Angel, The (\xc3\x81ngel exterminador, El) (1962)']
55768	[6818]	[694]	[ 4.05331]	['Come and See (Idi i smotri) (1985)']
55768	[750]	[29404]	[ 4.20875]	[ 'Dr. Strangelove or: How I Learned to Stop Worrying and Love the Bomb (1964)']
55768	[172591]	[372]	[ 4.34946]	['The Godfather Trilogy: 1972-1990 (1992)']
55768	[170705]	[922]	[ 4.39371]	['Band of Brothers (2001)']
55768	[923]	[21469]	[ 4.08862]	['Citizen Kane (1941)']
55768	[2019]	[14541]	[ 4.25476]	['Seven Samurai (Shichinin no samurai) (1954)']
55768	[2920]	[1156]	[ 4.12197]	['Children of Paradise (Les enfants du paradis) (1945)']
55768	[858]	[60588]	[ 4.33303]	['Godfather, The (1972)']
55768	[26587]	[546]	[ 4.11264]	['Decalogue, The (Dekalog) (1989)']
55768	[6669]	[1542]	[ 4.10862]	['Ikiru (1952)']
55768	[922]	[8233]	[ 4.19549]	['Sunset Blvd. (a.k.a. Sunset Boulevard) (1950)']
55951	[171011]	[812]	[ 4.47968]	['Planet Earth II (2016)']
55951	[3746]	[403]	[ 3.77047]	['Butterfly (La lengua de las mariposas) (1999)']
55951	[142115]	[403]	[ 4.20471]	['The Blue Planet (2001)']
55951	[82]	[2725]	[ 4.01303]	"[""Antonia's Line (Antonia) (1995)""]"
55951	[6918]	[394]	[ 4.03807]	['Unvanquished, The (Aparajito) (1957)']
55951	[326]	[1496]	[ 4.0859]	['To Live (Huozhe) (1994)']
55951	[86504]	[1804]	[ 4.12639]	['Voices from the List (2004)']
55951	[159817]	[1326]	[ 4.44834]	['Planet Earth (2006)']
55951	[7767]	[548]	[ 3.99088]	['Best of Youth, The (La meglio giovent\xc3\xb9) (2003)']
55951	[1900]	[894]	[ 3.99161]	['Children of Heaven, The (Bacheha-Ye Aseman) (1997)']
55951	[6669]	[1542]	[ 4.10862]	['Ikiru (1952)']
55951	[32657]	[308]	[ 3.98701]	"[""Man Who Planted Trees, The (Homme qui plantait des arbres, L') (1987)""]"
55951	[159819]	[158]	[ 4.12975]	['Life (2009)']
55951	[1235]	[9936]	[ 3.96155]	['Harold and Maude (1971)']
55951	[1172]	[11439]	[ 4.12379]	['Cinema Paradiso (Nuovo cinema Paradiso) (1989)']
55951	[100553]	[397]	[ 4.10076]	['Frozen Planet (2011)']
55951	[1193]	[42003]	[ 4.22344]	"[""One Flew Over the Cuckoo's Nest (1975)""]"
55951	[26587]	[546]	[ 4.11264]	['Decalogue, The (Dekalog) (1989)']
55951	[668]	[900]	[ 4.10444]	['Song of the Little Road (Pather Panchali) (1955)']
55951	[82143]	[343]	[ 3.93149]	['Alone in the Wilderness (2004)']
56103	[6918]	[394]	[ 4.03807]	['Unvanquished, The (Aparajito) (1957)']
56103	[105250]	[207]	[ 4.07729]	['Century of the Self, The (2002)']
56103	[6981]	[235]	[ 3.98511]	['Ordet (Word, The) (1955)']
56103	[26150]	[942]	[ 4.05096]	['Andrei Rublev (Andrey Rublyov) (1969)']
56103	[134849]	[222]	[ 3.98198]	['Duck Amuck (1953)']
56103	[6985]	[1027]	[ 3.99513]	"[""Passion of Joan of Arc, The (Passion de Jeanne d'Arc, La) (1928)""]"
56103	[6669]	[1542]	[ 4.10862]	['Ikiru (1952)']
56103	[3022]	[2687]	[ 4.10123]	['General, The (1926)']
56103	[2351]	[1387]	[ 4.10707]	['Nights of Cabiria (Notti di Cabiria, Le) (1957)']
56103	[720]	[9670]	[ 4.03557]	['Wallace & Gromit: The Best of Aardman Animation (1996)']
56103	[86237]	[49]	[ 3.68367]	['Connections (1978)']
56103	[6982]	[220]	[ 3.9]	['Forbidden Games (Jeux interdits) (1952)']
56103	[670]	[829]	[ 4.11701]	['World of Apu, The (Apur Sansar) (1959)']
56103	[246]	[11490]	[ 4.00474]	['Hoop Dreams (1994)']
56103	[745]	[13857]	[ 4.1098]	['Wallace & Gromit: A Close Shave (1995)']
56103	[7096]	[312]	[ 3.96314]	['Rivers and Tides (2001)']
56103	[26587]	[546]	[ 4.11264]	['Decalogue, The (Dekalog) (1989)']
56103	[1148]	[17311]	[ 4.12951]	['Wallace & Gromit: The Wrong Trousers (1993)']
56103	[8125]	[637]	[ 3.96703]	['Sunrise: A Song of Two Humans (1927)']
56103	[25750]	[593]	[ 3.90219]	['Sherlock Jr. (1924)']
56116	[116]	[1045]	[ 3.91579]	['Anne Frank Remembered (1995)']
56116	[5669]	[14821]	[ 3.71858]	['Bowling for Columbine (2002)']
56116	[53894]	[2807]	[ 3.64001]	['Sicko (2007)']
56116	[120807]	[274]	[ 3.98358]	['John Mulaney: New In Town (2012)']
56116	[5224]	[149]	[ 3.84228]	['Promises (2001)']
56116	[106]	[140]	[ 3.40714]	['Nobody Loves Me (Keiner liebt mich) (1994)']
56116	[8622]	[10395]	[ 3.50202]	['Fahrenheit 9/11 (2004)']
56116	[86237]	[49]	[ 3.68367]	['Connections (1978)']
56116	[69529]	[446]	[ 3.96525]	['Home (2009)']
56116	[156369]	[207]	[ 3.84058]	['Zero Days (2016)']
56116	[92494]	[133]	[ 3.83835]	['Dylan Moran: Monster (2004)']
56116	[26453]	[115]	[ 4.05217]	"[""Smiley's People (1982)""]"
56116	[3894]	[164]	[ 3.53659]	['Solas (1999)']
56116	[670]	[829]	[ 4.11701]	['World of Apu, The (Apur Sansar) (1959)']
56116	[26644]	[57]	[ 3.86842]	['Landscape in the Mist (Topio stin omichli) (1988)']
56116	[55098]	[227]	[ 3.97137]	['Paint It Yellow (Rang De Basanti) (2006)']
56116	[26587]	[546]	[ 4.11264]	['Decalogue, The (Dekalog) (1989)']
56116	[668]	[900]	[ 4.10444]	['Song of the Little Road (Pather Panchali) (1955)']
56116	[71450]	[708]	[ 3.55508]	['Capitalism: A Love Story (2009)']
56116	[45950]	[3500]	[ 3.62486]	['Inconvenient Truth, An (2006)']
56291	[6433]	[641]	[ 4.00858]	['Man with the Movie Camera, The (Chelovek s kino-apparatom) (1929)']
56291	[105250]	[207]	[ 4.07729]	['Century of the Self, The (2002)']
56291	[26587]	[546]	[ 4.11264]	['Decalogue, The (Dekalog) (1989)']
56291	[27366]	[172]	[ 3.90407]	['Werckmeister Harmonies (Werckmeister harm\xc3\xb3ni\xc3\xa1k) (2000)']
56291	[8199]	[500]	[ 3.931]	['Ugetsu (Ugetsu monogatari) (1953)']
56291	[6985]	[1027]	[ 3.99513]	"[""Passion of Joan of Arc, The (Passion de Jeanne d'Arc, La) (1928)""]"
56291	[8620]	[629]	[ 3.9841]	['Exterminating Angel, The (\xc3\x81ngel exterminador, El) (1962)']
56291	[6669]	[1542]	[ 4.10862]	['Ikiru (1952)']
56291	[3022]	[2687]	[ 4.10123]	['General, The (1926)']
56291	[8125]	[637]	[ 3.96703]	['Sunrise: A Song of Two Humans (1927)']
56291	[93040]	[426]	[ 4.07629]	['Civil War, The (1990)']
56291	[26082]	[676]	[ 4.13683]	['Harakiri (Seppuku) (1962)']
56291	[6643]	[972]	[ 4.04733]	['Tokyo Story (T\xc3\xb4ky\xc3\xb4 monogatari) (1953)']
56291	[8785]	[170]	[ 3.97059]	['Early Summer (Bakush\xc3\xbb) (1951)']
56291	[3415]	[816]	[ 4.01961]	['Mirror, The (Zerkalo) (1975)']
56291	[134849]	[222]	[ 3.98198]	['Duck Amuck (1953)']
56291	[923]	[21469]	[ 4.08862]	['Citizen Kane (1941)']
56291	[86237]	[49]	[ 3.68367]	['Connections (1978)']
56291	[3134]	[1822]	[ 4.13172]	['Grand Illusion (La grande illusion) (1937)']
56291	[6783]	[914]	[ 4.01586]	['Rules of the Game, The (La r\xc3\xa8gle du jeu) (1939)']
56427	[26528]	[703]	[ 3.93172]	['Anne of Green Gables (1985)']
56427	[912]	[31018]	[ 4.20991]	['Casablanca (1942)']
56427	[899]	[12769]	[ 4.02549]	"[""Singin' in the Rain (1952)""]"
56427	[1380]	[19041]	[ 3.30857]	['Grease (1978)']
56427	[140359]	[362]	[ 3.87293]	['Doctor Who: The Waters of Mars (2009)']
56427	[117192]	[386]	[ 3.94948]	['Doctor Who: The Time of the Doctor (2013)']
56427	[74282]	[340]	[ 3.91176]	['Anne of Green Gables: The Sequel (a.k.a. Anne of Avonlea) (1987)']
56427	[1035]	[17115]	[ 3.80161]	['Sound of Music, The (1965)']
56427	[147372]	[225]	[ 3.79333]	['Doctor Who: Last Christmas (2014)']
56427	[914]	[12076]	[ 3.86676]	['My Fair Lady (1964)']
56427	[910]	[13726]	[ 4.03133]	['Some Like It Hot (1959)']
56427	[147376]	[269]	[ 3.82156]	['Doctor Who: A Christmas Carol (2010)']
56427	[147384]	[404]	[ 3.93688]	['Doctor Who: The Runaway Bride (2007)']
56427	[106642]	[1291]	[ 3.95778]	['Day of the Doctor, The (2013)']
56427	[7669]	[2909]	[ 3.97078]	['Pride and Prejudice (1995)']
56427	[147382]	[221]	[ 3.91403]	['Doctor Who: Voyage Of The Damned (2007)']
56427	[953]	[17750]	[ 4.01755]	"[""It's a Wonderful Life (1946)""]"
56427	[920]	[18310]	[ 3.81797]	['Gone with the Wind (1939)']
56427	[150596]	[235]	[ 3.84043]	['Doctor Who: The Husbands of River Song (2015)']
56427	[26133]	[1434]	[ 3.80753]	['Charlie Brown Christmas, A (1965)']
56478	[3808]	[284]	[ 3.88204]	['Two Women (Ciociara, La) (1960)']
56478	[6433]	[641]	[ 4.00858]	['Man with the Movie Camera, The (Chelovek s kino-apparatom) (1929)']
56478	[171011]	[812]	[ 4.47968]	['Planet Earth II (2016)']
56478	[4993]	[61476]	[ 4.09843]	['Lord of the Rings: The Fellowship of the Ring, The (2001)']
56478	[26150]	[942]	[ 4.05096]	['Andrei Rublev (Andrey Rublyov) (1969)']
56478	[7153]	[56939]	[ 4.10403]	['Lord of the Rings: The Return of the King, The (2003)']
56478	[2920]	[1156]	[ 4.12197]	['Children of Paradise (Les enfants du paradis) (1945)']
56478	[159817]	[1326]	[ 4.44834]	['Planet Earth (2006)']
56478	[159819]	[158]	[ 4.12975]	['Life (2009)']
56478	[2351]	[1387]	[ 4.10707]	['Nights of Cabiria (Notti di Cabiria, Le) (1957)']
56478	[93040]	[426]	[ 4.07629]	['Civil War, The (1990)']
56478	[86504]	[1804]	[ 4.12639]	['Voices from the List (2004)']
56478	[1035]	[17115]	[ 3.80161]	['Sound of Music, The (1965)']
56478	[142115]	[403]	[ 4.20471]	['The Blue Planet (2001)']
56478	[26453]	[115]	[ 4.05217]	"[""Smiley's People (1982)""]"
56478	[6985]	[1027]	[ 3.99513]	"[""Passion of Joan of Arc, The (Passion de Jeanne d'Arc, La) (1928)""]"
56478	[527]	[71214]	[ 4.25779]	"[""Schindler's List (1993)""]"
56478	[26587]	[546]	[ 4.11264]	['Decalogue, The (Dekalog) (1989)']
56478	[670]	[829]	[ 4.11701]	['World of Apu, The (Apur Sansar) (1959)']
56478	[7669]	[2909]	[ 3.97078]	['Pride and Prejudice (1995)']
